{
  "retention_disclosed": {
    "precision": 1.0,
    "recall": 0.5555555555555556,
    "f1-score": 0.7142857142857143,
    "support": 9.0
  },
  "deletion_offered": {
    "precision": 1.0,
    "recall": 0.4444444444444444,
    "f1-score": 0.6153846153846153,
    "support": 9.0
  },
  "access_rights": {
    "precision": 0.6153846153846154,
    "recall": 1.0,
    "f1-score": 0.761904761904762,
    "support": 8.0
  },
  "privacy_waiver": {
    "precision": 1.0,
    "recall": 1.0,
    "f1-score": 1.0,
    "support": 6.0
  },
  "micro avg": {
    "precision": 0.8214285714285714,
    "recall": 0.71875,
    "f1-score": 0.7666666666666666,
    "support": 32.0
  },
  "macro avg": {
    "precision": 0.9038461538461539,
    "recall": 0.75,
    "f1-score": 0.7728937728937729,
    "support": 32.0
  },
  "weighted avg": {
    "precision": 0.9038461538461539,
    "recall": 0.71875,
    "f1-score": 0.7519459706959707,
    "support": 32.0
  },
  "samples avg": {
    "precision": 0.7931034482758621,
    "recall": 0.7586206896551724,
    "f1-score": 0.7701149425287356,
    "support": 32.0
  }
}