{
  "ARBITRATION": {
    "ap": 0.9995127980009737,
    "t_f1": 0.38565783501555156,
    "f1": 0.9940508382909681,
    "t_p90": 0.22218167154095733,
    "p_at_p90": 0.9000974658869396,
    "r_at_p90": 1.0,
    "t_p80": 0.14380244405927395,
    "p_at_p80": 0.800259965337955,
    "r_at_p80": 1.0,
    "suggested": 0.22218167154095733
  },
  "CLASS_ACTION_WAIVER": {
    "ap": 0.9711779448621551,
    "t_f1": 0.02476648099526826,
    "f1": 0.972972972972973,
    "t_p90": 0.024667284473643268,
    "p_at_p90": 0.9,
    "r_at_p90": 0.9473684210526315,
    "t_p80": 0.02413194629217429,
    "p_at_p80": 0.8181818181818182,
    "r_at_p80": 0.9473684210526315,
    "suggested": 0.024667284473643268
  },
  "LIABILITY_LIMITATION": {
    "ap": 0.998975094093319,
    "t_f1": 0.5263221434644623,
    "f1": 0.9920116194625999,
    "t_p90": 0.4689842162814725,
    "p_at_p90": 0.9,
    "r_at_p90": 0.9985401459854014,
    "t_p80": 0.4326902701765916,
    "p_at_p80": 0.8,
    "r_at_p80": 0.9985401459854014,
    "suggested": 0.4689842162814725
  },
  "UNILATERAL_CHANGES": {
    "ap": 0.9920691178001119,
    "t_f1": 0.0746765643049143,
    "f1": 0.9714285714285714,
    "t_p90": 0.05755998593920249,
    "p_at_p90": 0.9122807017543859,
    "r_at_p90": 0.9629629629629629,
    "t_p80": 0.050250312973505455,
    "p_at_p80": 0.8059701492537313,
    "r_at_p80": 1.0,
    "suggested": 0.05755998593920249
  }
}