{
  "ARBITRATION": {
    "ap": 0.9994628271300945,
    "t_f1": 0.3938228622013989,
    "f1": 0.9945916711736073,
    "t_p90": 0.22253924715978335,
    "p_at_p90": 0.9001461276181199,
    "r_at_p90": 1.0,
    "t_p80": 0.1459127664387108,
    "p_at_p80": 0.8,
    "r_at_p80": 1.0,
    "suggested": 0.22253924715978335
  },
  "CLASS_ACTION_WAIVER": {
    "ap": 0.9044011544011543,
    "t_f1": 0.013404740065399929,
    "f1": 0.8695652173913043,
    "t_p90": 0.0164759632968306,
    "p_at_p90": 1.0,
    "r_at_p90": 0.6363636363636364,
    "t_p80": 0.013404740065399929,
    "p_at_p80": 0.8333333333333334,
    "r_at_p80": 0.9090909090909091,
    "suggested": 0.0164759632968306
  },
  "LIABILITY_LIMITATION": {
    "ap": 0.9988876676285459,
    "t_f1": 0.5449848050768782,
    "f1": 0.991304347826087,
    "t_p90": 0.4797483645967205,
    "p_at_p90": 0.900131406044678,
    "r_at_p90": 0.9985422740524781,
    "t_p80": 0.4439007488789496,
    "p_at_p80": 0.8002336448598131,
    "r_at_p80": 0.9985422740524781,
    "suggested": 0.4797483645967205
  },
  "UNILATERAL_CHANGES": {
    "ap": 0.9969108589789052,
    "t_f1": 0.06192485056012968,
    "f1": 0.9821428571428572,
    "t_p90": 0.05777535597566816,
    "p_at_p90": 0.9016393442622951,
    "r_at_p90": 1.0,
    "t_p80": 0.04945412927351419,
    "p_at_p80": 0.8088235294117647,
    "r_at_p80": 1.0,
    "suggested": 0.05777535597566816
  }
}