{
  "license_assignment": {
    "precision": 0.9948186528497409,
    "recall": 0.9948186528497409,
    "f1-score": 0.9948186528497409,
    "support": 193.0
  },
  "ip_retained": {
    "precision": 0.0,
    "recall": 0.0,
    "f1-score": 0.0,
    "support": 1.0
  },
  "moral_rights_waiver": {
    "precision": 0.0,
    "recall": 0.0,
    "f1-score": 0.0,
    "support": 1.0
  },
  "commercial_use_claim": {
    "precision": 0.6666666666666666,
    "recall": 0.8,
    "f1-score": 0.7272727272727272,
    "support": 5.0
  },
  "micro avg": {
    "precision": 0.9849246231155779,
    "recall": 0.98,
    "f1-score": 0.9824561403508771,
    "support": 200.0
  },
  "macro avg": {
    "precision": 0.41537132987910186,
    "recall": 0.44870466321243524,
    "f1-score": 0.430522845030617,
    "support": 200.0
  },
  "weighted avg": {
    "precision": 0.9766666666666667,
    "recall": 0.98,
    "f1-score": 0.9781818181818182,
    "support": 200.0
  },
  "samples avg": {
    "precision": 0.98,
    "recall": 0.98,
    "f1-score": 0.98,
    "support": 200.0
  }
}