{
  "data_collection_extensive": {
    "precision": 0.0,
    "recall": 0.0,
    "f1-score": 0.0,
    "support": 9.0
  },
  "data_collection_minimal": {
    "precision": 0.0,
    "recall": 0.0,
    "f1-score": 0.0,
    "support": 8.0
  },
  "consent_explicit": {
    "precision": 1.0,
    "recall": 0.4,
    "f1-score": 0.5714285714285715,
    "support": 5.0
  },
  "consent_implied": {
    "precision": 1.0,
    "recall": 0.875,
    "f1-score": 0.9333333333333333,
    "support": 8.0
  },
  "purpose_specific": {
    "precision": 1.0,
    "recall": 0.625,
    "f1-score": 0.7692307692307693,
    "support": 8.0
  },
  "purpose_broad": {
    "precision": 0.0,
    "recall": 0.0,
    "f1-score": 0.0,
    "support": 10.0
  },
  "micro avg": {
    "precision": 1.0,
    "recall": 0.2916666666666667,
    "f1-score": 0.45161290322580644,
    "support": 48.0
  },
  "macro avg": {
    "precision": 0.5,
    "recall": 0.31666666666666665,
    "f1-score": 0.378998778998779,
    "support": 48.0
  },
  "weighted avg": {
    "precision": 0.4375,
    "recall": 0.2916666666666667,
    "f1-score": 0.34328449328449334,
    "support": 48.0
  },
  "samples avg": {
    "precision": 0.3181818181818182,
    "recall": 0.3181818181818182,
    "f1-score": 0.3181818181818182,
    "support": 48.0
  }
}