{
  "automated_decision": {
    "precision": 1.0,
    "recall": 0.875,
    "f1-score": 0.9333333333333333,
    "support": 8.0
  },
  "human_review": {
    "precision": 0.8,
    "recall": 1.0,
    "f1-score": 0.888888888888889,
    "support": 4.0
  },
  "transparency_statement": {
    "precision": 1.0,
    "recall": 1.0,
    "f1-score": 1.0,
    "support": 11.0
  },
  "micro avg": {
    "precision": 0.9565217391304348,
    "recall": 0.9565217391304348,
    "f1-score": 0.9565217391304348,
    "support": 23.0
  },
  "macro avg": {
    "precision": 0.9333333333333332,
    "recall": 0.9583333333333334,
    "f1-score": 0.9407407407407408,
    "support": 23.0
  },
  "weighted avg": {
    "precision": 0.9652173913043478,
    "recall": 0.9565217391304348,
    "f1-score": 0.957487922705314,
    "support": 23.0
  },
  "samples avg": {
    "precision": 0.9565217391304348,
    "recall": 0.9565217391304348,
    "f1-score": 0.9565217391304348,
    "support": 23.0
  }
}